Time,App_Name,Inactivity Duration(s),Keystroke_Count,Speed(ms),PAM_Val,example_id
2021-09-10 13:30:00,opera.exe,1219.861964,348.0,5.499976255519619,2.0,0
2021-09-10 14:00:00,opera.exe,663.7808729999999,262.0,5.6719172972838985,1.0,0
2021-09-10 14:30:00,opera.exe,871.821915,458.0,7.329196455715525,2.0,0
2021-09-10 15:00:00,opera.exe,1585.753779,57.0,13.973504186355242,2.0,0
2021-09-10 15:30:00,opera.exe,1034.388266,171.0,11.074430912706989,3.0,0
2021-09-10 16:00:00,TopTracker.exe,723.750394,259.0,9.973826021887117,1.0,0
2021-09-10 16:30:00,brave.exe,1096.64981,113.0,11.98586272495676,2.0,0
2021-09-10 17:00:00,opera.exe,1129.243338,56.0,9.89788645415337,2.0,0
2021-09-10 12:30:00,opera.exe,618.809407,1048.0,7.769313032901567,1.0,1
2021-09-10 13:00:00,opera.exe,1048.829218,280.0,10.621017650703632,1.0,1
2021-09-10 13:30:00,opera.exe,1219.861964,348.0,5.499976255519619,2.0,1
2021-09-10 14:00:00,opera.exe,663.7808729999999,262.0,5.6719172972838985,1.0,1
2021-09-10 14:30:00,opera.exe,871.821915,458.0,7.329196455715525,2.0,1
2021-09-10 15:00:00,opera.exe,1585.753779,57.0,13.973504186355242,2.0,1
2021-09-10 15:30:00,opera.exe,1034.388266,171.0,11.074430912706989,3.0,1
2021-09-10 16:00:00,TopTracker.exe,723.750394,259.0,9.973826021887117,1.0,1
2021-09-14 11:30:00,opera.exe,714.9707569999999,1078.0,10.216913562008925,4.0,2
2021-09-14 12:00:00,opera.exe,552.622641,256.0,9.928772862198745,1.0,2
2021-09-14 12:30:00,opera.exe,1055.705093,140.0,13.519174633160809,1.0,2
2021-09-14 13:00:00,opera.exe,777.054938,175.0,7.069362512151217,2.0,2
2021-09-14 13:30:00,opera.exe,982.384028,214.0,6.379021511836168,4.0,2
2021-09-14 14:00:00,Code.exe,1038.762199,276.0,6.633690249877247,1.0,2
2021-09-14 14:30:00,opera.exe,799.554728,181.0,11.884535795441156,1.0,2
2021-09-14 15:00:00,TextLogger.exe,1783.372377,200.0,20.232645755657447,2.0,2
2021-09-14 14:00:00,Code.exe,1038.762199,276.0,6.633690249877247,1.0,3
2021-09-14 14:30:00,opera.exe,799.554728,181.0,11.884535795441156,1.0,3
2021-09-14 15:00:00,TextLogger.exe,1783.372377,200.0,20.232645755657447,2.0,3
2021-09-14 15:30:00,opera.exe,859.8967729999999,219.0,9.501846935409612,3.0,3
2021-09-14 16:00:00,opera.exe,599.14036,109.0,10.596810421115793,4.0,3
2021-09-14 16:30:00,opera.exe,910.197887,80.0,10.084250470795396,2.0,3
2021-09-14 17:00:00,opera.exe,934.832046,872.0,14.371485229483602,2.0,3
2021-09-14 17:30:00,opera.exe,990.461271,599.0,11.70024822399673,2.0,3
2021-09-14 11:00:00,Skype.exe,1293.995927,829.0,11.215676053997797,3.0,4
2021-09-14 11:30:00,opera.exe,714.9707569999999,1078.0,10.216913562008925,4.0,4
2021-09-14 12:00:00,opera.exe,552.622641,256.0,9.928772862198745,1.0,4
2021-09-14 12:30:00,opera.exe,1055.705093,140.0,13.519174633160809,1.0,4
2021-09-14 13:00:00,opera.exe,777.054938,175.0,7.069362512151217,2.0,4
2021-09-14 13:30:00,opera.exe,982.384028,214.0,6.379021511836168,4.0,4
2021-09-14 14:00:00,Code.exe,1038.762199,276.0,6.633690249877247,1.0,4
2021-09-14 14:30:00,opera.exe,799.554728,181.0,11.884535795441156,1.0,4
2021-09-10 12:00:00,explorer.exe,784.401936,296.0,6.713205561963871,2.0,5
2021-09-10 12:30:00,opera.exe,618.809407,1048.0,7.769313032901567,1.0,5
2021-09-10 13:00:00,opera.exe,1048.829218,280.0,10.621017650703632,1.0,5
2021-09-10 13:30:00,opera.exe,1219.861964,348.0,5.499976255519619,2.0,5
2021-09-10 14:00:00,opera.exe,663.7808729999999,262.0,5.6719172972838985,1.0,5
2021-09-10 14:30:00,opera.exe,871.821915,458.0,7.329196455715525,2.0,5
2021-09-10 15:00:00,opera.exe,1585.753779,57.0,13.973504186355242,2.0,5
2021-09-10 15:30:00,opera.exe,1034.388266,171.0,11.074430912706989,3.0,5
2021-09-10 11:30:00,TextLogger.exe,784.401936,296.0,2.290322211074021,2.0,6
2021-09-10 12:00:00,explorer.exe,784.401936,296.0,6.713205561963871,2.0,6
2021-09-10 12:30:00,opera.exe,618.809407,1048.0,7.769313032901567,1.0,6
2021-09-10 13:00:00,opera.exe,1048.829218,280.0,10.621017650703632,1.0,6
2021-09-10 13:30:00,opera.exe,1219.861964,348.0,5.499976255519619,2.0,6
2021-09-10 14:00:00,opera.exe,663.7808729999999,262.0,5.6719172972838985,1.0,6
2021-09-10 14:30:00,opera.exe,871.821915,458.0,7.329196455715525,2.0,6
2021-09-10 15:00:00,opera.exe,1585.753779,57.0,13.973504186355242,2.0,6
2021-09-10 13:00:00,opera.exe,1048.829218,280.0,10.621017650703632,1.0,7
2021-09-10 13:30:00,opera.exe,1219.861964,348.0,5.499976255519619,2.0,7
2021-09-10 14:00:00,opera.exe,663.7808729999999,262.0,5.6719172972838985,1.0,7
2021-09-10 14:30:00,opera.exe,871.821915,458.0,7.329196455715525,2.0,7
2021-09-10 15:00:00,opera.exe,1585.753779,57.0,13.973504186355242,2.0,7
2021-09-10 15:30:00,opera.exe,1034.388266,171.0,11.074430912706989,3.0,7
2021-09-10 16:00:00,TopTracker.exe,723.750394,259.0,9.973826021887117,1.0,7
2021-09-10 16:30:00,brave.exe,1096.64981,113.0,11.98586272495676,2.0,7
2021-09-14 10:30:00,opera.exe,1002.831345,19.0,14.601118715497355,1.0,8
2021-09-14 11:00:00,Skype.exe,1293.995927,829.0,11.215676053997797,3.0,8
2021-09-14 11:30:00,opera.exe,714.9707569999999,1078.0,10.216913562008925,4.0,8
2021-09-14 12:00:00,opera.exe,552.622641,256.0,9.928772862198745,1.0,8
2021-09-14 12:30:00,opera.exe,1055.705093,140.0,13.519174633160809,1.0,8
2021-09-14 13:00:00,opera.exe,777.054938,175.0,7.069362512151217,2.0,8
2021-09-14 13:30:00,opera.exe,982.384028,214.0,6.379021511836168,4.0,8
2021-09-14 14:00:00,Code.exe,1038.762199,276.0,6.633690249877247,1.0,8
2021-09-14 12:00:00,opera.exe,552.622641,256.0,9.928772862198745,1.0,9
2021-09-14 12:30:00,opera.exe,1055.705093,140.0,13.519174633160809,1.0,9
2021-09-14 13:00:00,opera.exe,777.054938,175.0,7.069362512151217,2.0,9
2021-09-14 13:30:00,opera.exe,982.384028,214.0,6.379021511836168,4.0,9
2021-09-14 14:00:00,Code.exe,1038.762199,276.0,6.633690249877247,1.0,9
2021-09-14 14:30:00,opera.exe,799.554728,181.0,11.884535795441156,1.0,9
2021-09-14 15:00:00,TextLogger.exe,1783.372377,200.0,20.232645755657447,2.0,9
2021-09-14 15:30:00,opera.exe,859.8967729999999,219.0,9.501846935409612,3.0,9
2021-09-14 12:30:00,opera.exe,1055.705093,140.0,13.519174633160809,1.0,10
2021-09-14 13:00:00,opera.exe,777.054938,175.0,7.069362512151217,2.0,10
2021-09-14 13:30:00,opera.exe,982.384028,214.0,6.379021511836168,4.0,10
2021-09-14 14:00:00,Code.exe,1038.762199,276.0,6.633690249877247,1.0,10
2021-09-14 14:30:00,opera.exe,799.554728,181.0,11.884535795441156,1.0,10
2021-09-14 15:00:00,TextLogger.exe,1783.372377,200.0,20.232645755657447,2.0,10
2021-09-14 15:30:00,opera.exe,859.8967729999999,219.0,9.501846935409612,3.0,10
2021-09-14 16:00:00,opera.exe,599.14036,109.0,10.596810421115793,4.0,10
2021-09-10 14:00:00,opera.exe,663.7808729999999,262.0,5.6719172972838985,1.0,11
2021-09-10 14:30:00,opera.exe,871.821915,458.0,7.329196455715525,2.0,11
2021-09-10 15:00:00,opera.exe,1585.753779,57.0,13.973504186355242,2.0,11
2021-09-10 15:30:00,opera.exe,1034.388266,171.0,11.074430912706989,3.0,11
2021-09-10 16:00:00,TopTracker.exe,723.750394,259.0,9.973826021887117,1.0,11
2021-09-10 16:30:00,brave.exe,1096.64981,113.0,11.98586272495676,2.0,11
2021-09-10 17:00:00,opera.exe,1129.243338,56.0,9.89788645415337,2.0,11
2021-09-10 17:30:00,brave.exe,999.431672,449.0,9.067419904959689,3.0,11
2021-09-14 14:30:00,opera.exe,799.554728,181.0,11.884535795441156,1.0,12
2021-09-14 15:00:00,TextLogger.exe,1783.372377,200.0,20.232645755657447,2.0,12
2021-09-14 15:30:00,opera.exe,859.8967729999999,219.0,9.501846935409612,3.0,12
2021-09-14 16:00:00,opera.exe,599.14036,109.0,10.596810421115793,4.0,12
2021-09-14 16:30:00,opera.exe,910.197887,80.0,10.084250470795396,2.0,12
2021-09-14 17:00:00,opera.exe,934.832046,872.0,14.371485229483602,2.0,12
2021-09-14 17:30:00,opera.exe,990.461271,599.0,11.70024822399673,2.0,12
2021-09-14 18:00:00,opera.exe,976.25675,734.0,13.716678064835236,2.0,12
2021-09-14 13:00:00,opera.exe,777.054938,175.0,7.069362512151217,2.0,13
2021-09-14 13:30:00,opera.exe,982.384028,214.0,6.379021511836168,4.0,13
2021-09-14 14:00:00,Code.exe,1038.762199,276.0,6.633690249877247,1.0,13
2021-09-14 14:30:00,opera.exe,799.554728,181.0,11.884535795441156,1.0,13
2021-09-14 15:00:00,TextLogger.exe,1783.372377,200.0,20.232645755657447,2.0,13
2021-09-14 15:30:00,opera.exe,859.8967729999999,219.0,9.501846935409612,3.0,13
2021-09-14 16:00:00,opera.exe,599.14036,109.0,10.596810421115793,4.0,13
2021-09-14 16:30:00,opera.exe,910.197887,80.0,10.084250470795396,2.0,13
2021-09-14 13:30:00,opera.exe,982.384028,214.0,6.379021511836168,4.0,14
2021-09-14 14:00:00,Code.exe,1038.762199,276.0,6.633690249877247,1.0,14
2021-09-14 14:30:00,opera.exe,799.554728,181.0,11.884535795441156,1.0,14
2021-09-14 15:00:00,TextLogger.exe,1783.372377,200.0,20.232645755657447,2.0,14
2021-09-14 15:30:00,opera.exe,859.8967729999999,219.0,9.501846935409612,3.0,14
2021-09-14 16:00:00,opera.exe,599.14036,109.0,10.596810421115793,4.0,14
2021-09-14 16:30:00,opera.exe,910.197887,80.0,10.084250470795396,2.0,14
2021-09-14 17:00:00,opera.exe,934.832046,872.0,14.371485229483602,2.0,14
2021-09-10 14:30:00,opera.exe,871.821915,458.0,7.329196455715525,2.0,15
2021-09-10 15:00:00,opera.exe,1585.753779,57.0,13.973504186355242,2.0,15
2021-09-10 15:30:00,opera.exe,1034.388266,171.0,11.074430912706989,3.0,15
2021-09-10 16:00:00,TopTracker.exe,723.750394,259.0,9.973826021887117,1.0,15
2021-09-10 16:30:00,brave.exe,1096.64981,113.0,11.98586272495676,2.0,15
2021-09-10 17:00:00,opera.exe,1129.243338,56.0,9.89788645415337,2.0,15
2021-09-10 17:30:00,brave.exe,999.431672,449.0,9.067419904959689,3.0,15
2021-09-10 18:00:00,opera.exe,680.523298,687.0,7.997507101973976,4.0,15
2021-09-07 10:30:00,explorer.exe,2966.281775,145.0,3.6887458162063353,2.0,16
2021-09-07 11:00:00,explorer.exe,2369.555328,169.0,3.9151889944373983,1.0,16
2021-09-07 11:30:00,explorer.exe,2525.331417,144.0,4.255813355086712,1.0,16
2021-09-07 12:00:00,explorer.exe,1676.141351,295.0,4.012072108582928,2.0,16
2021-09-07 12:30:00,explorer.exe,2246.678371,136.0,3.955986884402014,2.0,16
2021-09-07 13:00:00,explorer.exe,3291.911282,101.0,4.013290913050443,2.0,16
2021-09-07 13:30:00,explorer.exe,2820.985622,76.0,4.225008923435147,3.0,16
2021-09-07 14:00:00,explorer.exe,2846.109697,97.0,4.075099621698858,3.0,16
2021-09-09 08:30:00,TextLogger.exe,411.563269,65.0,3.08902049970698,1.0,17
2021-09-09 09:00:00,devenv.exe,2485.214066,65.0,3.9666095333432474,3.0,17
2021-09-09 09:30:00,explorer.exe,4675.574852,15.0,5.929615241680953,2.0,17
2021-09-09 10:00:00,explorer.exe,2589.230142,330.0,3.788477814539077,2.0,17
2021-09-09 10:30:00,msedge.exe,2649.043642,133.0,4.246831916197464,3.0,17
2021-09-09 11:00:00,explorer.exe,2482.386615,31.0,4.160834599016502,2.0,17
2021-09-09 11:30:00,explorer.exe,2309.364528,87.0,4.5306940018642825,2.0,17
2021-09-09 12:00:00,explorer.exe,2966.810912,197.0,3.729337643542981,2.0,17
2021-09-07 09:30:00,explorer.exe,5432.486898,114.0,3.683715625992333,2.0,18
2021-09-07 10:00:00,explorer.exe,2498.585778,43.0,3.899897620087316,2.0,18
2021-09-07 10:30:00,explorer.exe,2966.281775,145.0,3.6887458162063353,2.0,18
2021-09-07 11:00:00,explorer.exe,2369.555328,169.0,3.9151889944373983,1.0,18
2021-09-07 11:30:00,explorer.exe,2525.331417,144.0,4.255813355086712,1.0,18
2021-09-07 12:00:00,explorer.exe,1676.141351,295.0,4.012072108582928,2.0,18
2021-09-07 12:30:00,explorer.exe,2246.678371,136.0,3.955986884402014,2.0,18
2021-09-07 13:00:00,explorer.exe,3291.911282,101.0,4.013290913050443,2.0,18
2021-09-09 09:00:00,devenv.exe,2485.214066,65.0,3.9666095333432474,3.0,19
2021-09-09 09:30:00,explorer.exe,4675.574852,15.0,5.929615241680953,2.0,19
2021-09-09 10:00:00,explorer.exe,2589.230142,330.0,3.788477814539077,2.0,19
2021-09-09 10:30:00,msedge.exe,2649.043642,133.0,4.246831916197464,3.0,19
2021-09-09 11:00:00,explorer.exe,2482.386615,31.0,4.160834599016502,2.0,19
2021-09-09 11:30:00,explorer.exe,2309.364528,87.0,4.5306940018642825,2.0,19
2021-09-09 12:00:00,explorer.exe,2966.810912,197.0,3.729337643542981,2.0,19
2021-09-09 12:30:00,explorer.exe,2442.706585,361.0,4.301889371020108,2.0,19
2021-09-14 09:30:00,explorer.exe,2893.49381,104.0,4.604144492820391,2.0,20
2021-09-14 10:00:00,msedge.exe,1735.244255,66.0,4.186175484691471,2.0,20
2021-09-14 10:30:00,explorer.exe,4346.49803,213.0,4.939578347022973,2.0,20
2021-09-14 11:00:00,explorer.exe,2451.805515,189.0,4.464721632937164,2.0,20
2021-09-14 11:30:00,explorer.exe,2191.598682,334.0,6.622463816845383,3.0,20
2021-09-14 12:00:00,explorer.exe,2421.045314,299.0,6.233278098257382,2.0,20
2021-09-14 12:30:00,explorer.exe,2372.085181,434.0,4.651976424216175,2.0,20
2021-09-14 13:00:00,explorer.exe,2121.652825,483.0,5.775512695478684,2.0,20
2021-09-09 11:30:00,explorer.exe,2309.364528,87.0,4.5306940018642825,2.0,21
2021-09-09 12:00:00,explorer.exe,2966.810912,197.0,3.729337643542981,2.0,21
2021-09-09 12:30:00,explorer.exe,2442.706585,361.0,4.301889371020108,2.0,21
2021-09-09 13:00:00,explorer.exe,2038.423218,95.0,4.419578896044405,2.0,21
2021-09-09 13:30:00,msedge.exe,4369.7018610000005,7.0,4.543987653178464,2.0,21
2021-09-09 14:00:00,explorer.exe,2037.287841,147.0,3.841030859608392,2.0,21
2021-09-09 14:30:00,msedge.exe,2879.17728,36.0,3.8822696952395193,2.0,21
2021-09-09 15:00:00,msedge.exe,5174.1386215,28.0,4.175505163686509,2.0,21
2021-09-13 11:30:00,explorer.exe,3763.092445,50.0,3.597988148186213,3.0,22
2021-09-13 12:00:00,explorer.exe,2381.433483,285.0,3.6619473027473006,3.0,22
2021-09-13 12:30:00,explorer.exe,1996.214106,196.0,3.637047440262673,2.0,22
2021-09-13 13:00:00,explorer.exe,3060.952565,84.0,3.5698879544532307,1.0,22
2021-09-13 13:30:00,explorer.exe,2686.129989,55.0,4.303216013552213,2.0,22
2021-09-13 14:00:00,explorer.exe,2915.786075,116.0,3.649429904019032,2.0,22
2021-09-13 14:30:00,explorer.exe,2561.38133,221.0,3.283539814874805,2.0,22
2021-09-13 15:00:00,explorer.exe,1233.074398,235.0,3.199010407333284,2.0,22
2021-09-13 11:00:00,TextLogger.exe,211.388832,50.0,4.288488740124145,2.0,23
2021-09-13 11:30:00,explorer.exe,3763.092445,50.0,3.597988148186213,3.0,23
2021-09-13 12:00:00,explorer.exe,2381.433483,285.0,3.6619473027473006,3.0,23
2021-09-13 12:30:00,explorer.exe,1996.214106,196.0,3.637047440262673,2.0,23
2021-09-13 13:00:00,explorer.exe,3060.952565,84.0,3.5698879544532307,1.0,23
2021-09-13 13:30:00,explorer.exe,2686.129989,55.0,4.303216013552213,2.0,23
2021-09-13 14:00:00,explorer.exe,2915.786075,116.0,3.649429904019032,2.0,23
2021-09-13 14:30:00,explorer.exe,2561.38133,221.0,3.283539814874805,2.0,23
2021-09-08 08:00:00,TextLogger.exe,1371.840833,30.0,3.4137809711084923,1.0,24
2021-09-08 08:30:00,Ssms.exe,463.663864,97.0,4.591402707250463,1.0,24
2021-09-08 09:00:00,explorer.exe,6600.384939,164.0,3.737607549158056,2.0,24
2021-09-08 09:30:00,msedge.exe,850.339463,47.0,6.26736480355142,2.0,24
2021-09-08 10:00:00,WINWORD.EXE,2227.087789,118.0,5.12859156952401,3.0,24
2021-09-08 10:30:00,explorer.exe,5639.51008,189.0,4.680184755781879,1.0,24
2021-09-08 11:00:00,explorer.exe,2350.950521,267.0,4.945095191151136,1.0,24
2021-09-08 11:30:00,explorer.exe,1660.704357,142.0,4.010736729813632,1.0,24
2021-09-09 12:30:00,explorer.exe,2442.706585,361.0,4.301889371020108,2.0,25
2021-09-09 13:00:00,explorer.exe,2038.423218,95.0,4.419578896044405,2.0,25
2021-09-09 13:30:00,msedge.exe,4369.7018610000005,7.0,4.543987653178464,2.0,25
2021-09-09 14:00:00,explorer.exe,2037.287841,147.0,3.841030859608392,2.0,25
2021-09-09 14:30:00,msedge.exe,2879.17728,36.0,3.8822696952395193,2.0,25
2021-09-09 15:00:00,msedge.exe,5174.1386215,28.0,4.175505163686509,2.0,25
2021-09-09 15:30:00,explorer.exe,7469.099963,20.0,4.468740632133498,1.0,25
2021-09-09 16:00:00,explorer.exe,3558.425635,24.0,5.416906791890676,1.0,25
2021-09-07 11:00:00,explorer.exe,2369.555328,169.0,3.9151889944373983,1.0,26
2021-09-07 11:30:00,explorer.exe,2525.331417,144.0,4.255813355086712,1.0,26
2021-09-07 12:00:00,explorer.exe,1676.141351,295.0,4.012072108582928,2.0,26
2021-09-07 12:30:00,explorer.exe,2246.678371,136.0,3.955986884402014,2.0,26
2021-09-07 13:00:00,explorer.exe,3291.911282,101.0,4.013290913050443,2.0,26
2021-09-07 13:30:00,explorer.exe,2820.985622,76.0,4.225008923435147,3.0,26
2021-09-07 14:00:00,explorer.exe,2846.109697,97.0,4.075099621698858,3.0,26
2021-09-07 14:30:00,explorer.exe,3806.71637,33.0,3.9859032916217534,4.0,26
2021-09-14 10:00:00,msedge.exe,1735.244255,66.0,4.186175484691471,2.0,27
2021-09-14 10:30:00,explorer.exe,4346.49803,213.0,4.939578347022973,2.0,27
2021-09-14 11:00:00,explorer.exe,2451.805515,189.0,4.464721632937164,2.0,27
2021-09-14 11:30:00,explorer.exe,2191.598682,334.0,6.622463816845383,3.0,27
2021-09-14 12:00:00,explorer.exe,2421.045314,299.0,6.233278098257382,2.0,27
2021-09-14 12:30:00,explorer.exe,2372.085181,434.0,4.651976424216175,2.0,27
2021-09-14 13:00:00,explorer.exe,2121.652825,483.0,5.775512695478684,2.0,27
2021-09-14 13:30:00,WINWORD.EXE,2083.886952,151.0,5.062187132070742,2.0,27
2021-09-13 13:00:00,explorer.exe,3060.952565,84.0,3.5698879544532307,1.0,28
2021-09-13 13:30:00,explorer.exe,2686.129989,55.0,4.303216013552213,2.0,28
2021-09-13 14:00:00,explorer.exe,2915.786075,116.0,3.649429904019032,2.0,28
2021-09-13 14:30:00,explorer.exe,2561.38133,221.0,3.283539814874805,2.0,28
2021-09-13 15:00:00,explorer.exe,1233.074398,235.0,3.199010407333284,2.0,28
2021-09-13 15:30:00,explorer.exe,4510.546091,192.0,6.425499741688023,2.0,28
2021-09-13 16:00:00,explorer.exe,2214.919429,379.0,3.588827153067638,2.0,28
2021-09-13 16:30:00,explorer.exe,2615.95115,160.0,3.74559530216225,1.0,28
2021-09-08 11:00:00,explorer.exe,2350.950521,267.0,4.945095191151136,1.0,29
2021-09-08 11:30:00,explorer.exe,1660.704357,142.0,4.010736729813632,1.0,29
2021-09-08 12:00:00,explorer.exe,3619.151378,272.0,4.193953426093338,2.0,29
2021-09-08 12:30:00,explorer.exe,1943.685742,820.0,4.863842724590527,2.0,29
2021-09-08 13:00:00,explorer.exe,2812.03027,173.0,5.071960736474713,2.0,29
2021-09-08 13:30:00,explorer.exe,2954.237631,243.0,3.79245491977116,2.0,29
2021-09-08 14:00:00,explorer.exe,2783.305357,323.0,3.877825541536364,2.0,29
2021-09-08 14:30:00,explorer.exe,2119.866097,187.0,5.075788079862501,2.0,29
2021-09-09 11:00:00,explorer.exe,2482.386615,31.0,4.160834599016502,2.0,30
2021-09-09 11:30:00,explorer.exe,2309.364528,87.0,4.5306940018642825,2.0,30
2021-09-09 12:00:00,explorer.exe,2966.810912,197.0,3.729337643542981,2.0,30
2021-09-09 12:30:00,explorer.exe,2442.706585,361.0,4.301889371020108,2.0,30
2021-09-09 13:00:00,explorer.exe,2038.423218,95.0,4.419578896044405,2.0,30
2021-09-09 13:30:00,msedge.exe,4369.7018610000005,7.0,4.543987653178464,2.0,30
2021-09-09 14:00:00,explorer.exe,2037.287841,147.0,3.841030859608392,2.0,30
2021-09-09 14:30:00,msedge.exe,2879.17728,36.0,3.8822696952395193,2.0,30
2021-09-08 11:30:00,explorer.exe,1660.704357,142.0,4.010736729813632,1.0,31
2021-09-08 12:00:00,explorer.exe,3619.151378,272.0,4.193953426093338,2.0,31
2021-09-08 12:30:00,explorer.exe,1943.685742,820.0,4.863842724590527,2.0,31
2021-09-08 13:00:00,explorer.exe,2812.03027,173.0,5.071960736474713,2.0,31
2021-09-08 13:30:00,explorer.exe,2954.237631,243.0,3.79245491977116,2.0,31
2021-09-08 14:00:00,explorer.exe,2783.305357,323.0,3.877825541536364,2.0,31
2021-09-08 14:30:00,explorer.exe,2119.866097,187.0,5.075788079862501,2.0,31
2021-09-08 15:00:00,explorer.exe,3715.607622,87.0,3.8880944858560023,2.0,31
2021-09-08 09:00:00,explorer.exe,6600.384939,164.0,3.737607549158056,2.0,32
2021-09-08 09:30:00,msedge.exe,850.339463,47.0,6.26736480355142,2.0,32
2021-09-08 10:00:00,WINWORD.EXE,2227.087789,118.0,5.12859156952401,3.0,32
2021-09-08 10:30:00,explorer.exe,5639.51008,189.0,4.680184755781879,1.0,32
2021-09-08 11:00:00,explorer.exe,2350.950521,267.0,4.945095191151136,1.0,32
2021-09-08 11:30:00,explorer.exe,1660.704357,142.0,4.010736729813632,1.0,32
2021-09-08 12:00:00,explorer.exe,3619.151378,272.0,4.193953426093338,2.0,32
2021-09-08 12:30:00,explorer.exe,1943.685742,820.0,4.863842724590527,2.0,32
2021-09-07 11:30:00,explorer.exe,2525.331417,144.0,4.255813355086712,1.0,33
2021-09-07 12:00:00,explorer.exe,1676.141351,295.0,4.012072108582928,2.0,33
2021-09-07 12:30:00,explorer.exe,2246.678371,136.0,3.955986884402014,2.0,33
2021-09-07 13:00:00,explorer.exe,3291.911282,101.0,4.013290913050443,2.0,33
2021-09-07 13:30:00,explorer.exe,2820.985622,76.0,4.225008923435147,3.0,33
2021-09-07 14:00:00,explorer.exe,2846.109697,97.0,4.075099621698858,3.0,33
2021-09-07 14:30:00,explorer.exe,3806.71637,33.0,3.9859032916217534,4.0,33
2021-09-07 15:00:00,explorer.exe,2745.040002,246.0,6.051116522131744,2.0,33
2021-09-08 08:30:00,Ssms.exe,463.663864,97.0,4.591402707250463,1.0,34
2021-09-08 09:00:00,explorer.exe,6600.384939,164.0,3.737607549158056,2.0,34
2021-09-08 09:30:00,msedge.exe,850.339463,47.0,6.26736480355142,2.0,34
2021-09-08 10:00:00,WINWORD.EXE,2227.087789,118.0,5.12859156952401,3.0,34
2021-09-08 10:30:00,explorer.exe,5639.51008,189.0,4.680184755781879,1.0,34
2021-09-08 11:00:00,explorer.exe,2350.950521,267.0,4.945095191151136,1.0,34
2021-09-08 11:30:00,explorer.exe,1660.704357,142.0,4.010736729813632,1.0,34
2021-09-08 12:00:00,explorer.exe,3619.151378,272.0,4.193953426093338,2.0,34
2021-09-14 10:30:00,explorer.exe,4346.49803,213.0,4.939578347022973,2.0,35
2021-09-14 11:00:00,explorer.exe,2451.805515,189.0,4.464721632937164,2.0,35
2021-09-14 11:30:00,explorer.exe,2191.598682,334.0,6.622463816845383,3.0,35
2021-09-14 12:00:00,explorer.exe,2421.045314,299.0,6.233278098257382,2.0,35
2021-09-14 12:30:00,explorer.exe,2372.085181,434.0,4.651976424216175,2.0,35
2021-09-14 13:00:00,explorer.exe,2121.652825,483.0,5.775512695478684,2.0,35
2021-09-14 13:30:00,WINWORD.EXE,2083.886952,151.0,5.062187132070742,2.0,35
2021-09-14 14:00:00,devenv.exe,2688.2324160000003,6.0,5.285861901772999,2.0,35
2021-09-07 08:30:00,explorer.exe,1333.010048,9.0,3.5887155898483525,1.0,36
2021-09-07 09:00:00,explorer.exe,424.366271,62.0,2.9736199781328856,2.0,36
2021-09-07 09:30:00,explorer.exe,5432.486898,114.0,3.683715625992333,2.0,36
2021-09-07 10:00:00,explorer.exe,2498.585778,43.0,3.899897620087316,2.0,36
2021-09-07 10:30:00,explorer.exe,2966.281775,145.0,3.6887458162063353,2.0,36
2021-09-07 11:00:00,explorer.exe,2369.555328,169.0,3.9151889944373983,1.0,36
2021-09-07 11:30:00,explorer.exe,2525.331417,144.0,4.255813355086712,1.0,36
2021-09-07 12:00:00,explorer.exe,1676.141351,295.0,4.012072108582928,2.0,36
2021-09-07 09:00:00,explorer.exe,424.366271,62.0,2.9736199781328856,2.0,37
2021-09-07 09:30:00,explorer.exe,5432.486898,114.0,3.683715625992333,2.0,37
2021-09-07 10:00:00,explorer.exe,2498.585778,43.0,3.899897620087316,2.0,37
2021-09-07 10:30:00,explorer.exe,2966.281775,145.0,3.6887458162063353,2.0,37
2021-09-07 11:00:00,explorer.exe,2369.555328,169.0,3.9151889944373983,1.0,37
2021-09-07 11:30:00,explorer.exe,2525.331417,144.0,4.255813355086712,1.0,37
2021-09-07 12:00:00,explorer.exe,1676.141351,295.0,4.012072108582928,2.0,37
2021-09-07 12:30:00,explorer.exe,2246.678371,136.0,3.955986884402014,2.0,37
2021-09-09 12:00:00,explorer.exe,2966.810912,197.0,3.729337643542981,2.0,38
2021-09-09 12:30:00,explorer.exe,2442.706585,361.0,4.301889371020108,2.0,38
2021-09-09 13:00:00,explorer.exe,2038.423218,95.0,4.419578896044405,2.0,38
2021-09-09 13:30:00,msedge.exe,4369.7018610000005,7.0,4.543987653178464,2.0,38
2021-09-09 14:00:00,explorer.exe,2037.287841,147.0,3.841030859608392,2.0,38
2021-09-09 14:30:00,msedge.exe,2879.17728,36.0,3.8822696952395193,2.0,38
2021-09-09 15:00:00,msedge.exe,5174.1386215,28.0,4.175505163686509,2.0,38
2021-09-09 15:30:00,explorer.exe,7469.099963,20.0,4.468740632133498,1.0,38
2021-09-09 10:00:00,explorer.exe,2589.230142,330.0,3.788477814539077,2.0,39
2021-09-09 10:30:00,msedge.exe,2649.043642,133.0,4.246831916197464,3.0,39
2021-09-09 11:00:00,explorer.exe,2482.386615,31.0,4.160834599016502,2.0,39
2021-09-09 11:30:00,explorer.exe,2309.364528,87.0,4.5306940018642825,2.0,39
2021-09-09 12:00:00,explorer.exe,2966.810912,197.0,3.729337643542981,2.0,39
2021-09-09 12:30:00,explorer.exe,2442.706585,361.0,4.301889371020108,2.0,39
2021-09-09 13:00:00,explorer.exe,2038.423218,95.0,4.419578896044405,2.0,39
2021-09-09 13:30:00,msedge.exe,4369.7018610000005,7.0,4.543987653178464,2.0,39
2021-09-07 12:30:00,explorer.exe,2246.678371,136.0,3.955986884402014,2.0,40
2021-09-07 13:00:00,explorer.exe,3291.911282,101.0,4.013290913050443,2.0,40
2021-09-07 13:30:00,explorer.exe,2820.985622,76.0,4.225008923435147,3.0,40
2021-09-07 14:00:00,explorer.exe,2846.109697,97.0,4.075099621698858,3.0,40
2021-09-07 14:30:00,explorer.exe,3806.71637,33.0,3.9859032916217534,4.0,40
2021-09-07 15:00:00,explorer.exe,2745.040002,246.0,6.051116522131744,2.0,40
2021-09-07 15:30:00,WINWORD.EXE,245.196136,1.0,3.974314583389648,2.0,40
2021-09-07 16:00:00,WINWORD.EXE,4647.717837,45.0,3.944146971126805,2.0,40
2021-09-14 12:00:00,explorer.exe,2421.045314,299.0,6.233278098257382,2.0,41
2021-09-14 12:30:00,explorer.exe,2372.085181,434.0,4.651976424216175,2.0,41
2021-09-14 13:00:00,explorer.exe,2121.652825,483.0,5.775512695478684,2.0,41
2021-09-14 13:30:00,WINWORD.EXE,2083.886952,151.0,5.062187132070742,2.0,41
2021-09-14 14:00:00,devenv.exe,2688.2324160000003,6.0,5.285861901772999,2.0,41
2021-09-14 14:30:00,WINWORD.EXE,3336.329708,290.0,8.408446155736856,2.0,41
2021-09-14 15:00:00,explorer.exe,1974.32368,373.0,4.339882246014925,2.0,41
2021-09-14 15:30:00,explorer.exe,1748.367357,724.0,3.8527524090223015,3.0,41
2021-09-07 14:30:00,explorer.exe,3806.71637,33.0,3.9859032916217534,4.0,42
2021-09-07 15:00:00,explorer.exe,2745.040002,246.0,6.051116522131744,2.0,42
2021-09-07 15:30:00,WINWORD.EXE,245.196136,1.0,3.974314583389648,2.0,42
2021-09-07 16:00:00,WINWORD.EXE,4647.717837,45.0,3.944146971126805,2.0,42
2021-09-07 16:30:00,WINWORD.EXE,9050.239538000002,89.0,3.9139793588639615,2.0,42
2021-09-07 17:00:00,WINWORD.EXE,13452.761239,133.0,3.8838117466011184,2.0,42
2021-09-07 17:30:00,msedge.exe,2397.243678,62.0,4.740012481699186,2.0,42
2021-09-07 18:00:00,explorer.exe,1910.829279,9.0,4.1649482085412775,2.0,42
2021-09-14 09:00:00,explorer.exe,1458.599076,77.0,4.305844404603215,1.0,43
2021-09-14 09:30:00,explorer.exe,2893.49381,104.0,4.604144492820391,2.0,43
2021-09-14 10:00:00,msedge.exe,1735.244255,66.0,4.186175484691471,2.0,43
2021-09-14 10:30:00,explorer.exe,4346.49803,213.0,4.939578347022973,2.0,43
2021-09-14 11:00:00,explorer.exe,2451.805515,189.0,4.464721632937164,2.0,43
2021-09-14 11:30:00,explorer.exe,2191.598682,334.0,6.622463816845383,3.0,43
2021-09-14 12:00:00,explorer.exe,2421.045314,299.0,6.233278098257382,2.0,43
2021-09-14 12:30:00,explorer.exe,2372.085181,434.0,4.651976424216175,2.0,43
2021-09-14 11:00:00,explorer.exe,2451.805515,189.0,4.464721632937164,2.0,44
2021-09-14 11:30:00,explorer.exe,2191.598682,334.0,6.622463816845383,3.0,44
2021-09-14 12:00:00,explorer.exe,2421.045314,299.0,6.233278098257382,2.0,44
2021-09-14 12:30:00,explorer.exe,2372.085181,434.0,4.651976424216175,2.0,44
2021-09-14 13:00:00,explorer.exe,2121.652825,483.0,5.775512695478684,2.0,44
2021-09-14 13:30:00,WINWORD.EXE,2083.886952,151.0,5.062187132070742,2.0,44
2021-09-14 14:00:00,devenv.exe,2688.2324160000003,6.0,5.285861901772999,2.0,44
2021-09-14 14:30:00,WINWORD.EXE,3336.329708,290.0,8.408446155736856,2.0,44
2021-09-08 12:00:00,explorer.exe,3619.151378,272.0,4.193953426093338,2.0,45
2021-09-08 12:30:00,explorer.exe,1943.685742,820.0,4.863842724590527,2.0,45
2021-09-08 13:00:00,explorer.exe,2812.03027,173.0,5.071960736474713,2.0,45
2021-09-08 13:30:00,explorer.exe,2954.237631,243.0,3.79245491977116,2.0,45
2021-09-08 14:00:00,explorer.exe,2783.305357,323.0,3.877825541536364,2.0,45
2021-09-08 14:30:00,explorer.exe,2119.866097,187.0,5.075788079862501,2.0,45
2021-09-08 15:00:00,explorer.exe,3715.607622,87.0,3.8880944858560023,2.0,45
2021-09-08 15:30:00,explorer.exe,2131.784583,581.0,4.117132956885082,1.0,45
2021-09-07 12:00:00,explorer.exe,1676.141351,295.0,4.012072108582928,2.0,46
2021-09-07 12:30:00,explorer.exe,2246.678371,136.0,3.955986884402014,2.0,46
2021-09-07 13:00:00,explorer.exe,3291.911282,101.0,4.013290913050443,2.0,46
2021-09-07 13:30:00,explorer.exe,2820.985622,76.0,4.225008923435147,3.0,46
2021-09-07 14:00:00,explorer.exe,2846.109697,97.0,4.075099621698858,3.0,46
2021-09-07 14:30:00,explorer.exe,3806.71637,33.0,3.9859032916217534,4.0,46
2021-09-07 15:00:00,explorer.exe,2745.040002,246.0,6.051116522131744,2.0,46
2021-09-07 15:30:00,WINWORD.EXE,245.196136,1.0,3.974314583389648,2.0,46
2021-09-13 12:00:00,explorer.exe,2381.433483,285.0,3.6619473027473006,3.0,47
2021-09-13 12:30:00,explorer.exe,1996.214106,196.0,3.637047440262673,2.0,47
2021-09-13 13:00:00,explorer.exe,3060.952565,84.0,3.5698879544532307,1.0,47
2021-09-13 13:30:00,explorer.exe,2686.129989,55.0,4.303216013552213,2.0,47
2021-09-13 14:00:00,explorer.exe,2915.786075,116.0,3.649429904019032,2.0,47
2021-09-13 14:30:00,explorer.exe,2561.38133,221.0,3.283539814874805,2.0,47
2021-09-13 15:00:00,explorer.exe,1233.074398,235.0,3.199010407333284,2.0,47
2021-09-13 15:30:00,explorer.exe,4510.546091,192.0,6.425499741688023,2.0,47
2021-09-07 10:00:00,explorer.exe,2498.585778,43.0,3.899897620087316,2.0,48
2021-09-07 10:30:00,explorer.exe,2966.281775,145.0,3.6887458162063353,2.0,48
2021-09-07 11:00:00,explorer.exe,2369.555328,169.0,3.9151889944373983,1.0,48
2021-09-07 11:30:00,explorer.exe,2525.331417,144.0,4.255813355086712,1.0,48
2021-09-07 12:00:00,explorer.exe,1676.141351,295.0,4.012072108582928,2.0,48
2021-09-07 12:30:00,explorer.exe,2246.678371,136.0,3.955986884402014,2.0,48
2021-09-07 13:00:00,explorer.exe,3291.911282,101.0,4.013290913050443,2.0,48
2021-09-07 13:30:00,explorer.exe,2820.985622,76.0,4.225008923435147,3.0,48
2021-09-08 09:30:00,msedge.exe,850.339463,47.0,6.26736480355142,2.0,49
2021-09-08 10:00:00,WINWORD.EXE,2227.087789,118.0,5.12859156952401,3.0,49
2021-09-08 10:30:00,explorer.exe,5639.51008,189.0,4.680184755781879,1.0,49
2021-09-08 11:00:00,explorer.exe,2350.950521,267.0,4.945095191151136,1.0,49
2021-09-08 11:30:00,explorer.exe,1660.704357,142.0,4.010736729813632,1.0,49
2021-09-08 12:00:00,explorer.exe,3619.151378,272.0,4.193953426093338,2.0,49
2021-09-08 12:30:00,explorer.exe,1943.685742,820.0,4.863842724590527,2.0,49
2021-09-08 13:00:00,explorer.exe,2812.03027,173.0,5.071960736474713,2.0,49
2021-09-09 10:30:00,msedge.exe,2649.043642,133.0,4.246831916197464,3.0,50
2021-09-09 11:00:00,explorer.exe,2482.386615,31.0,4.160834599016502,2.0,50
2021-09-09 11:30:00,explorer.exe,2309.364528,87.0,4.5306940018642825,2.0,50
2021-09-09 12:00:00,explorer.exe,2966.810912,197.0,3.729337643542981,2.0,50
2021-09-09 12:30:00,explorer.exe,2442.706585,361.0,4.301889371020108,2.0,50
2021-09-09 13:00:00,explorer.exe,2038.423218,95.0,4.419578896044405,2.0,50
2021-09-09 13:30:00,msedge.exe,4369.7018610000005,7.0,4.543987653178464,2.0,50
2021-09-09 14:00:00,explorer.exe,2037.287841,147.0,3.841030859608392,2.0,50
2021-09-07 14:00:00,explorer.exe,2846.109697,97.0,4.075099621698858,3.0,51
2021-09-07 14:30:00,explorer.exe,3806.71637,33.0,3.9859032916217534,4.0,51
2021-09-07 15:00:00,explorer.exe,2745.040002,246.0,6.051116522131744,2.0,51
2021-09-07 15:30:00,WINWORD.EXE,245.196136,1.0,3.974314583389648,2.0,51
2021-09-07 16:00:00,WINWORD.EXE,4647.717837,45.0,3.944146971126805,2.0,51
2021-09-07 16:30:00,WINWORD.EXE,9050.239538000002,89.0,3.9139793588639615,2.0,51
2021-09-07 17:00:00,WINWORD.EXE,13452.761239,133.0,3.8838117466011184,2.0,51
2021-09-07 17:30:00,msedge.exe,2397.243678,62.0,4.740012481699186,2.0,51
2021-09-07 15:00:00,explorer.exe,2745.040002,246.0,6.051116522131744,2.0,52
2021-09-07 15:30:00,WINWORD.EXE,245.196136,1.0,3.974314583389648,2.0,52
2021-09-07 16:00:00,WINWORD.EXE,4647.717837,45.0,3.944146971126805,2.0,52
2021-09-07 16:30:00,WINWORD.EXE,9050.239538000002,89.0,3.9139793588639615,2.0,52
2021-09-07 17:00:00,WINWORD.EXE,13452.761239,133.0,3.8838117466011184,2.0,52
2021-09-07 17:30:00,msedge.exe,2397.243678,62.0,4.740012481699186,2.0,52
2021-09-07 18:00:00,explorer.exe,1910.829279,9.0,4.1649482085412775,2.0,52
2021-09-07 18:30:00,msedge.exe,3728.345626,28.0,10.114853334743009,2.0,52
2021-09-14 11:30:00,explorer.exe,2191.598682,334.0,6.622463816845383,3.0,53
2021-09-14 12:00:00,explorer.exe,2421.045314,299.0,6.233278098257382,2.0,53
2021-09-14 12:30:00,explorer.exe,2372.085181,434.0,4.651976424216175,2.0,53
2021-09-14 13:00:00,explorer.exe,2121.652825,483.0,5.775512695478684,2.0,53
2021-09-14 13:30:00,WINWORD.EXE,2083.886952,151.0,5.062187132070742,2.0,53
2021-09-14 14:00:00,devenv.exe,2688.2324160000003,6.0,5.285861901772999,2.0,53
2021-09-14 14:30:00,WINWORD.EXE,3336.329708,290.0,8.408446155736856,2.0,53
2021-09-14 15:00:00,explorer.exe,1974.32368,373.0,4.339882246014925,2.0,53
2021-09-08 10:00:00,WINWORD.EXE,2227.087789,118.0,5.12859156952401,3.0,54
2021-09-08 10:30:00,explorer.exe,5639.51008,189.0,4.680184755781879,1.0,54
2021-09-08 11:00:00,explorer.exe,2350.950521,267.0,4.945095191151136,1.0,54
2021-09-08 11:30:00,explorer.exe,1660.704357,142.0,4.010736729813632,1.0,54
2021-09-08 12:00:00,explorer.exe,3619.151378,272.0,4.193953426093338,2.0,54
2021-09-08 12:30:00,explorer.exe,1943.685742,820.0,4.863842724590527,2.0,54
2021-09-08 13:00:00,explorer.exe,2812.03027,173.0,5.071960736474713,2.0,54
2021-09-08 13:30:00,explorer.exe,2954.237631,243.0,3.79245491977116,2.0,54
2021-09-13 12:30:00,explorer.exe,1996.214106,196.0,3.637047440262673,2.0,55
2021-09-13 13:00:00,explorer.exe,3060.952565,84.0,3.5698879544532307,1.0,55
2021-09-13 13:30:00,explorer.exe,2686.129989,55.0,4.303216013552213,2.0,55
2021-09-13 14:00:00,explorer.exe,2915.786075,116.0,3.649429904019032,2.0,55
2021-09-13 14:30:00,explorer.exe,2561.38133,221.0,3.283539814874805,2.0,55
2021-09-13 15:00:00,explorer.exe,1233.074398,235.0,3.199010407333284,2.0,55
2021-09-13 15:30:00,explorer.exe,4510.546091,192.0,6.425499741688023,2.0,55
2021-09-13 16:00:00,explorer.exe,2214.919429,379.0,3.588827153067638,2.0,55
2021-09-07 13:30:00,explorer.exe,2820.985622,76.0,4.225008923435147,3.0,56
2021-09-07 14:00:00,explorer.exe,2846.109697,97.0,4.075099621698858,3.0,56
2021-09-07 14:30:00,explorer.exe,3806.71637,33.0,3.9859032916217534,4.0,56
2021-09-07 15:00:00,explorer.exe,2745.040002,246.0,6.051116522131744,2.0,56
2021-09-07 15:30:00,WINWORD.EXE,245.196136,1.0,3.974314583389648,2.0,56
2021-09-07 16:00:00,WINWORD.EXE,4647.717837,45.0,3.944146971126805,2.0,56
2021-09-07 16:30:00,WINWORD.EXE,9050.239538000002,89.0,3.9139793588639615,2.0,56
2021-09-07 17:00:00,WINWORD.EXE,13452.761239,133.0,3.8838117466011184,2.0,56
2021-09-07 13:00:00,explorer.exe,3291.911282,101.0,4.013290913050443,2.0,57
2021-09-07 13:30:00,explorer.exe,2820.985622,76.0,4.225008923435147,3.0,57
2021-09-07 14:00:00,explorer.exe,2846.109697,97.0,4.075099621698858,3.0,57
2021-09-07 14:30:00,explorer.exe,3806.71637,33.0,3.9859032916217534,4.0,57
2021-09-07 15:00:00,explorer.exe,2745.040002,246.0,6.051116522131744,2.0,57
2021-09-07 15:30:00,WINWORD.EXE,245.196136,1.0,3.974314583389648,2.0,57
2021-09-07 16:00:00,WINWORD.EXE,4647.717837,45.0,3.944146971126805,2.0,57
2021-09-07 16:30:00,WINWORD.EXE,9050.239538000002,89.0,3.9139793588639615,2.0,57
2021-09-10 08:00:00,TextLogger.exe,730.722608,13.0,4.75803238169188,1.0,58
2021-09-10 08:30:00,msedge.exe,3084.941767,132.0,4.966556924116712,3.0,58
2021-09-10 09:00:00,msedge.exe,1995.47772,122.0,4.2765210636834885,3.0,58
2021-09-10 09:30:00,explorer.exe,3345.297092,28.0,4.397904295816273,4.0,58
2021-09-10 10:00:00,explorer.exe,3338.182374,94.0,3.7938022088895775,4.0,58
2021-09-10 10:30:00,explorer.exe,3164.59165,272.0,5.013206637415098,2.0,58
2021-09-10 11:00:00,explorer.exe,2704.459537,374.0,6.980873457470631,2.0,58
2021-09-10 11:30:00,explorer.exe,1635.647882,87.0,4.471761175099671,2.0,58
2021-09-08 12:30:00,explorer.exe,1943.685742,820.0,4.863842724590527,2.0,59
2021-09-08 13:00:00,explorer.exe,2812.03027,173.0,5.071960736474713,2.0,59
2021-09-08 13:30:00,explorer.exe,2954.237631,243.0,3.79245491977116,2.0,59
2021-09-08 14:00:00,explorer.exe,2783.305357,323.0,3.877825541536364,2.0,59
2021-09-08 14:30:00,explorer.exe,2119.866097,187.0,5.075788079862501,2.0,59
2021-09-08 15:00:00,explorer.exe,3715.607622,87.0,3.8880944858560023,2.0,59
2021-09-08 15:30:00,explorer.exe,2131.784583,581.0,4.117132956885082,1.0,59
2021-09-08 16:00:00,explorer.exe,2302.428831,492.0,3.853050100307143,2.0,59
2021-09-08 10:30:00,explorer.exe,5639.51008,189.0,4.680184755781879,1.0,60
2021-09-08 11:00:00,explorer.exe,2350.950521,267.0,4.945095191151136,1.0,60
2021-09-08 11:30:00,explorer.exe,1660.704357,142.0,4.010736729813632,1.0,60
2021-09-08 12:00:00,explorer.exe,3619.151378,272.0,4.193953426093338,2.0,60
2021-09-08 12:30:00,explorer.exe,1943.685742,820.0,4.863842724590527,2.0,60
2021-09-08 13:00:00,explorer.exe,2812.03027,173.0,5.071960736474713,2.0,60
2021-09-08 13:30:00,explorer.exe,2954.237631,243.0,3.79245491977116,2.0,60
2021-09-08 14:00:00,explorer.exe,2783.305357,323.0,3.877825541536364,2.0,60
2021-09-09 09:30:00,explorer.exe,4675.574852,15.0,5.929615241680953,2.0,61
2021-09-09 10:00:00,explorer.exe,2589.230142,330.0,3.788477814539077,2.0,61
2021-09-09 10:30:00,msedge.exe,2649.043642,133.0,4.246831916197464,3.0,61
2021-09-09 11:00:00,explorer.exe,2482.386615,31.0,4.160834599016502,2.0,61
2021-09-09 11:30:00,explorer.exe,2309.364528,87.0,4.5306940018642825,2.0,61
2021-09-09 12:00:00,explorer.exe,2966.810912,197.0,3.729337643542981,2.0,61
2021-09-09 12:30:00,explorer.exe,2442.706585,361.0,4.301889371020108,2.0,61
2021-09-09 13:00:00,explorer.exe,2038.423218,95.0,4.419578896044405,2.0,61
